timestamp,zona,lambda,nota,octava,apertura
1791235366.8636885,medio,1.0,Do,4,0.0
1791235367.1447062,medio,1.0,Do,4,0.0
1791235367.3603287,medio,0.05,Do,4,0.0
1791235367.5609074,medio,0.05,Do,4,0.0
1791235367.7629168,medio,0.05,Do,4,0.0
1791235367.9845898,grave,0.05,Do,4,0.0
1791235368.558576,grave,0.05,Do,4,0.122
1791235368.8025696,grave,0.05,Re,3,0.115
1791235369.0906935,grave,0.05,Re,3,0.093
1791235369.309791,grave,0.05,Re,3,0.0
1791235369.5451167,grave,0.05,Re,3,0.124
1791235369.78572,grave,0.05,Re,3,0.116
1791235370.0295799,grave,0.05,Re,3,0.053
1791235370.2663794,medio,0.05,Re,3,0.085
1791235370.4928565,medio,0.05,Re,3,0.086
1791235370.7323952,medio,0.05,Do,4,0.095
1791235370.940732,medio,0.05,Do,4,0.115
1791235371.1863482,medio,0.05,Do,4,0.115
1791235371.4316423,medio,0.05,Do,4,0.071
1791235371.6948695,agudo,0.05,Do,4,0.048
1791235371.9324002,agudo,0.05,Do,4,0.086
1791235372.1684453,agudo,0.05,Do,4,0.105
1791235372.4006534,agudo,0.05,Do,4,0.109
1791235372.634968,agudo,0.05,Re,5,0.108
1791235372.869653,agudo,0.05,Re,5,0.051
1791235373.097863,agudo,0.05,Re,5,0.044
1791235373.3318932,agudo,0.05,Re,5,0.053
1791235373.588361,agudo,0.05,Re,5,0.086
1791235373.8128567,agudo,0.05,Re,5,0.0
1791235374.049374,agudo,0.05,Re,5,0.0
1791235374.2853553,agudo,0.05,Re,5,0.0
1791235374.6207862,agudo,0.05,Do,5,0.086
1791235374.8648949,agudo,0.05,Do,5,0.086
1791235375.1328754,agudo,0.05,Do,5,0.093
1791235375.3661375,agudo,0.05,Do,5,0.086
1791235375.6041312,agudo,0.05,Do,5,0.036
1791235375.8448408,agudo,0.05,Do,5,0.052
1791235376.053494,agudo,0.05,Do,5,0.0
1791235376.2905056,agudo,0.05,Do,5,0.0
1791235376.5304084,agudo,0.05,Re,5,0.098
1791235376.7829907,agudo,0.05,Re,5,0.0
1791235377.054633,agudo,0.05,Re,5,0.112
1791235377.2784467,medio,0.05,Re,5,0.0
1791235377.5155203,medio,0.05,Re,5,0.067
1791235377.7789376,medio,0.05,Re,5,0.067
1791235378.0096254,medio,0.05,Re,5,0.064
1791235378.230655,medio,0.05,Re,5,0.06
1791235378.4879405,medio,0.05,Do,4,0.061
1791235378.716038,medio,0.05,Do,4,0.066
1791235378.979606,medio,0.05,Do,4,0.102
1791235379.2534587,medio,0.05,Do,4,0.163
1791235379.4760518,medio,0.05,Do,4,0.062
1791235379.761301,medio,0.05,Do,4,0.071
1791235379.9727364,medio,0.05,Do,4,0.0
1791235380.2059252,medio,0.05,Do,4,0.072
1791235380.495073,medio,0.05,Re,4,0.069
1791235380.7765973,medio,0.05,Re,4,0.091
1791235381.0356953,medio,0.05,Re,4,0.058
1791235381.2771714,medio,0.05,Re,4,0.0
1791235381.527528,medio,0.05,Re,4,0.113
1791235381.7529166,medio,0.05,Re,4,0.1
1791235381.9955602,medio,0.05,Re,4,0.06
1791235382.241318,medio,0.05,Re,4,0.041
1791235382.4803085,medio,0.05,Do,4,0.089
1791235382.70715,agudo,0.05,Do,4,0.096
1791235382.935801,agudo,0.05,Do,4,0.102
1791235383.2055564,agudo,0.05,Do,4,0.075
1791235406.5181174,agudo,0.05,Do,4,0.216
1791235406.7323606,agudo,0.05,Do,4,0.216
1791235408.6937094,agudo,0.05,Do,4,0.0
1791235408.8950946,agudo,0.05,Do,4,0.0
1791235410.8627787,agudo,0.05,Re,5,0.0
1791235411.071295,agudo,0.05,Re,5,0.0
1791235411.2914362,agudo,0.05,Re,5,0.105
1791235411.6812606,agudo,0.05,Re,5,0.138
1791235475.9672115,agudo,0.05,Re,5,0.056
1791235476.1645982,medio,0.05,Re,5,0.0
1791235476.3557105,medio,0.05,Re,5,0.227
1791235476.546909,medio,0.05,Re,5,0.0
1791235476.7659295,medio,0.05,Do,4,0.116
1791235476.9990504,medio,0.05,Do,4,0.127
1791235477.2502642,medio,0.05,Do,4,0.129
1791235477.5100965,medio,0.05,Do,4,0.121
1791235477.7818217,medio,0.05,Do,4,0.111
1791235478.0219402,medio,0.05,Do,4,0.148
1791235478.2717235,medio,0.05,Do,4,0.162
1791235478.5093837,medio,0.05,Do,4,0.193
1791235478.7215774,medio,0.05,Re,4,0.104
1791235478.9785256,medio,0.05,Re,4,0.105
1791235479.2213304,medio,0.05,Re,4,0.105
1791235479.4694352,medio,0.05,Re,4,0.049
1791235479.7051919,medio,0.05,Re,4,0.044
1791235479.94956,medio,0.05,Re,4,0.039
1791235480.1730297,medio,0.05,Re,4,0.0
1791235480.4194558,medio,0.05,Re,4,0.052
1791235480.6577308,medio,0.05,Do,4,0.051
1791235480.885962,medio,0.05,Do,4,0.048
1791235481.137672,medio,0.05,Do,4,0.047
1791235481.3502975,medio,0.05,Do,4,0.045
1791235481.5753338,medio,0.05,Do,4,0.0
1791235481.8096898,medio,0.05,Do,4,0.117
1791235482.0543916,medio,0.05,Do,4,0.115
1791235482.277734,medio,0.05,Do,4,0.114
1791235482.497651,medio,0.05,Re,4,0.114
1791235482.7239375,medio,0.05,Re,4,0.113
1791235482.9477773,medio,0.05,Re,4,0.052
1791235483.184358,medio,0.05,Re,4,0.045
1791235483.4200437,medio,0.05,Re,4,0.0
1791235483.6791239,medio,0.05,Re,4,0.102
1791235483.9015,medio,0.05,Re,4,0.099
1791235484.131467,medio,0.05,Re,4,0.098
1791235484.358607,medio,0.05,Do,4,0.098
1791235484.5962176,medio,0.05,Do,4,0.093
1791235484.8085637,medio,0.05,Do,4,0.0
1791235485.031183,medio,0.05,Do,4,0.081
1791235485.296191,medio,0.05,Do,4,0.107
1791235485.5207949,medio,0.05,Do,4,0.099
1791235485.7371018,medio,0.05,Do,4,0.1
1791235485.959345,medio,0.05,Do,4,0.0
1791235486.2416408,medio,0.05,Re,4,0.052
1791235486.485426,medio,0.05,Re,4,0.057
1791235486.7251594,medio,0.05,Re,4,0.0
1791235486.9644573,medio,0.05,Re,4,0.08
1791235487.224734,medio,0.05,Re,4,0.078
1791235487.5067036,medio,0.05,Re,4,0.082
1791235487.7475502,medio,0.05,Re,4,0.083
1791235487.9701588,medio,0.05,Re,4,0.074
1791235488.250001,medio,0.05,Do,4,0.089
1791235488.464122,medio,0.05,Do,4,0.092
1791235488.707773,medio,0.05,Do,4,0.0
1791235488.9416428,medio,0.05,Do,4,0.05
1791235489.2122686,medio,0.05,Do,4,0.121
1791235489.4395046,medio,0.05,Do,4,0.095
1791235489.6634672,medio,0.05,Do,4,0.052
1791235489.9053016,medio,0.05,Do,4,0.1
1791235490.1346898,medio,0.05,Re,4,0.102
1791235490.3901522,medio,0.05,Re,4,0.044
1791235490.627328,medio,0.05,Re,4,0.05
1791235490.9072468,agudo,0.05,Re,4,0.1
1791235491.1242113,agudo,0.05,Re,4,0.093
1791235491.3425379,agudo,0.05,Re,4,0.046
1791235491.596348,agudo,0.05,Re,4,0.095
1791235491.8333538,agudo,0.05,Re,4,0.0
1791235492.0625403,agudo,0.05,Do,5,0.103
1791235492.280166,agudo,0.05,Do,5,0.0
1791235492.515024,agudo,0.05,Do,5,0.082
1791235492.7458105,medio,0.05,Do,5,0.077
1791235492.976677,medio,0.05,Do,5,0.0
1791235493.205506,medio,0.05,Do,5,0.0
1791235493.4401145,medio,0.05,Do,5,0.0
1791235493.6663442,medio,0.05,Do,5,0.065
1791235493.9399848,medio,0.05,Re,4,0.081
1791235494.233738,medio,0.05,Re,4,0.111
1791235494.4698396,medio,0.05,Re,4,0.101
1791235494.7116015,medio,0.05,Re,4,0.089
1791235495.0144334,medio,0.05,Re,4,0.074
1791235495.238874,medio,0.05,Re,4,0.061
1791235495.4951584,medio,0.05,Re,4,0.086
1791235495.7479298,medio,0.05,Re,4,0.083
1791235496.0151978,medio,0.05,Do,4,0.089
1791235496.2413044,medio,0.05,Do,4,0.06
1791235496.4703493,medio,0.05,Do,4,0.063
1791235496.7002509,medio,0.05,Do,4,0.119
1791235496.9323776,medio,0.05,Do,4,0.123
1791235497.1621816,medio,0.05,Do,4,0.127
1791235497.3851264,medio,0.05,Do,4,0.129
1791235497.615197,medio,0.05,Do,4,0.124
1791235497.8816533,medio,0.05,Re,4,0.115
1791235498.11488,medio,0.05,Re,4,0.118
1791235498.332421,medio,0.05,Re,4,0.119
1791235498.575014,medio,0.05,Re,4,0.107
1791235498.8111908,medio,0.05,Re,4,0.114
1791235499.0987146,medio,0.05,Re,4,0.115
1791235499.3425124,medio,0.05,Re,4,0.127
1791235499.5805604,medio,0.05,Re,4,0.126
1791235499.816992,medio,0.05,Do,4,0.125
1791235500.0718212,medio,0.05,Do,4,0.113
1791235500.3187833,medio,0.05,Do,4,0.0
1791235500.5707884,medio,0.05,Do,4,0.066
1791235500.8165286,medio,0.05,Do,4,0.0
1791235501.0306509,medio,0.05,Do,4,0.0
1791235501.256195,medio,0.05,Do,4,0.0
1791235501.4704916,medio,0.05,Do,4,0.068
1791235501.7119834,medio,0.05,Re,4,0.075
1791235501.9477274,medio,0.05,Re,4,0.0
1791235502.2145083,medio,0.05,Re,4,0.062
1791235502.442432,medio,0.05,Re,4,0.088
1791235502.6850622,medio,0.05,Re,4,0.096
1791235502.9337232,medio,0.05,Re,4,0.0
1791235503.173793,medio,0.05,Re,4,0.072
1791235503.4012642,medio,0.05,Re,4,0.06
1791235503.6292677,medio,0.05,Do,4,0.0
1791235503.8436747,medio,0.05,Do,4,0.127
1791235504.068596,medio,0.05,Do,4,0.0
1791235504.283409,medio,0.05,Do,4,0.0
1791235504.5157871,medio,0.05,Do,4,0.0
1791235504.7349765,medio,0.05,Do,4,0.0
1791235513.4266012,medio,0.05,Do,4,0.0
