timestamp,zona,lambda,nota,octava,apertura,apertura_izq,apertura_der,manos
1791240074.2374108,medio,1.0,Do,4,0.024,0.021,0.027,2
1791240074.9857848,medio,1.0,Do,4,0.035,0.035,0.035,2
1791240075.5264852,medio,0.05,Do,4,0.08,0.083,0.078,2
1791240076.0243628,medio,0.05,Do,4,0.032,0.032,0.032,2
1791240076.6157413,medio,0.05,Do,4,0.031,0.022,0.039,2
1791240077.2523928,medio,0.05,Do,4,0.05,0.055,0.045,2
1791240077.9812915,medio,0.05,Do,4,0.08,0.08,0.08,2
1791240078.5095801,medio,0.05,Re,4,0.079,0.077,0.081,2
1791240079.2500956,medio,0.05,Re,4,0.071,0.068,0.074,2
1791240079.7965748,medio,0.05,Re,4,0.053,0.051,0.056,2
1791240080.5188892,medio,0.05,Re,4,0.038,0.04,0.036,2
1791240081.285691,medio,0.05,Re,4,0.05,0.04,0.06,2
1791240081.94091,medio,0.05,Re,4,0.067,0.067,,1
1791240082.5299633,medio,0.05,Re,4,0.056,0.056,,1
1791240083.117364,medio,0.05,Re,4,0.049,0.072,0.027,2
1791240083.6975973,medio,0.05,Mi,4,,,,0
1791240084.3249419,medio,0.05,Mi,4,0.039,0.039,0.038,2
1791240084.9422994,medio,0.05,Mi,4,0.029,0.025,0.032,2
1791240085.6792471,medio,0.05,Mi,4,0.039,0.048,0.029,2
1791240086.3115366,medio,0.05,Mi,4,0.035,0.042,0.027,2
1791240086.9060147,medio,0.05,Mi,4,0.052,0.053,0.05,2
1791240087.5196013,medio,0.05,Mi,4,0.055,0.057,0.052,2
1791240088.1395674,medio,0.05,Mi,4,0.045,0.045,,1
1791240088.7571614,medio,0.05,Re,4,0.087,0.086,0.088,2
1791240089.3642635,medio,0.05,Re,4,0.087,,0.087,1
1791240089.9921052,medio,0.05,Re,4,,,,0
1791240090.6186137,medio,0.05,Re,4,0.074,0.073,0.075,2
1791240091.2549984,medio,0.05,Re,4,0.045,0.059,0.03,2
1791240091.8825853,medio,0.05,Re,4,0.056,0.078,0.033,2
1791240092.500218,medio,0.05,Re,4,0.075,0.078,0.072,2
1791240093.1407743,medio,0.05,Re,4,0.04,,0.04,1
1791240093.7669597,medio,0.05,Do,4,0.069,0.078,0.06,2
1791240094.364973,medio,0.05,Do,4,0.027,0.034,0.02,2
1791240094.9819283,medio,0.05,Do,4,0.029,0.02,0.038,2
1791240095.6183238,medio,0.05,Do,4,0.057,0.053,0.061,2
1791240096.2608778,medio,0.05,Do,4,0.054,0.06,0.047,2
1791240096.874943,medio,0.05,Do,4,0.057,0.062,0.052,2
1791240097.538208,medio,0.05,Do,4,0.044,0.045,0.043,2
1791240098.126584,medio,0.05,Do,4,0.053,0.056,0.05,2
1791240098.7315128,medio,0.05,Si,4,0.052,0.052,,1
1791240099.3398514,medio,0.05,Si,4,0.042,0.042,,1
1791240100.1687589,medio,0.05,Si,4,0.059,,0.059,1
1791240100.9479651,medio,0.05,Si,4,0.041,0.042,0.039,2
1791240101.5614028,medio,0.05,Si,4,0.033,0.037,0.029,2
1791240102.206184,medio,0.05,Si,4,0.079,0.082,0.077,2
1791240102.8292105,medio,0.05,Si,4,0.04,0.044,0.036,2
1791240103.4330876,medio,0.05,Si,4,0.084,0.088,0.081,2
1791240104.0215633,medio,0.05,Do,4,0.032,0.032,0.033,2
1791240104.6494412,medio,0.05,Do,4,0.068,0.07,0.066,2
1791240105.2786455,medio,0.05,Do,4,0.072,0.074,0.071,2
1791240105.8800097,medio,0.05,Do,4,,,,0
1791240106.4740596,medio,0.05,Do,4,0.078,0.079,0.076,2
1791240107.0841022,medio,0.05,Do,4,0.049,0.064,0.033,2
1791240107.7129223,medio,0.05,Do,4,,,,0
1791240108.3537638,medio,0.05,Do,4,0.065,0.068,0.061,2
1791240108.9387882,medio,0.05,Re,4,,,,0
1791240109.5558734,medio,0.05,Re,4,,,,0
1791240110.1940708,medio,0.05,Re,4,0.056,,0.056,1
1791240110.7750468,medio,0.05,Re,4,0.046,,0.046,1
1791240111.3863947,medio,0.05,Re,4,0.055,,0.055,1
1791240111.9911814,medio,0.05,Re,4,0.052,0.052,0.053,2
1791240112.6324322,medio,0.05,Re,4,0.06,,0.06,1
1791240113.2479472,medio,0.05,Re,4,0.043,0.053,0.032,2
1791240113.85684,medio,0.05,Do,4,0.08,0.081,0.078,2
1791240114.452676,medio,0.05,Do,4,0.035,0.035,,1
1791240115.056437,medio,0.05,Do,4,0.037,0.037,,1
1791240115.6934602,medio,0.05,Do,4,0.048,0.074,0.022,2
1791240116.2611213,medio,0.05,Do,4,0.034,,0.034,1
1791240116.9834886,medio,0.05,Do,4,,,,0
1791240117.6101208,medio,0.05,Do,4,0.064,,0.064,1
1791240118.2091348,medio,0.05,Do,4,0.026,,0.026,1
1791240118.7911267,medio,0.05,Si,4,,,,0
1791240119.443828,medio,0.05,Si,4,0.084,0.085,0.084,2
1791240120.0562115,medio,0.05,Si,4,,,,0
1791240120.6926415,medio,0.05,Si,4,0.072,0.073,0.071,2
1791240121.2806184,medio,0.05,Si,4,,,,0
1791240121.894674,medio,0.05,Si,4,0.026,,0.026,1
1791240122.4918253,medio,0.05,Si,4,0.031,,0.031,1
1791240123.115133,medio,0.05,Si,4,0.055,0.046,0.063,2
1791240123.7476225,medio,0.05,Do,4,0.053,0.042,0.064,2
1791240124.3530915,medio,0.05,Do,4,0.034,,0.034,1
1791240124.9878514,medio,0.05,Do,4,0.069,0.069,0.069,2
1791240125.591152,medio,0.05,Do,4,0.059,0.071,0.047,2
1791240126.2364628,medio,0.05,Do,4,0.062,0.045,0.078,2
1791240126.8665104,medio,0.05,Do,4,0.088,0.099,0.076,2
1791240127.4639914,medio,0.05,Do,4,0.054,0.043,0.065,2
1791240128.070329,medio,0.05,Do,4,0.034,0.033,0.036,2
1791240128.6597643,medio,0.05,Re,4,0.034,0.043,0.026,2
1791240129.2866836,medio,0.05,Re,4,0.061,,0.061,1
1791240129.8256676,medio,0.05,Re,4,,,,0
1791240130.4342444,medio,0.05,Re,4,0.076,,0.076,1
1791240131.037289,medio,0.05,Re,4,0.064,0.064,,1
1791240131.6964517,medio,0.05,Re,4,0.062,,0.062,1
1791240132.3307197,medio,0.05,Re,4,0.046,0.018,0.074,2
1791240132.8609288,medio,0.05,Re,4,0.055,0.031,0.079,2
1791240133.4986818,medio,0.05,Do,4,0.042,0.03,0.054,2
1791240134.2217607,medio,0.05,Do,4,0.028,,0.028,1
1791240134.7538137,medio,0.05,Do,4,,,,0
1791240135.462649,medio,0.05,Do,4,0.085,,0.085,1
